Brand,Description,Processor,RAM,Screen,Hard Drive Disc,State Solid Disc,Price
ASUS,Portátil Asus Zenbook Duo 14 UX482 14 pulgadas Intel Core i7 8GB 512GB,NA,NA,NA,NA,NA,5.999.000
APPLE,"MacBook Air 13 Pulgadas Chip M1 CPU 8 núcleos GPU 7 núcleos, 256 GB SSD", Chip M1, 8GB, 13 pulgadas, No aplica, 256GB,4.999.900
APPLE,"MacBook Pro 13 Pulgadas Chip M1 CPU 8 núcleos GPU 8 núcleos, 256 GB SSD", Chip M1, 8GB, 13 pulgadas, No aplica, 256GB,6.789.900
LENOVO,Portátil Lenovo 14 pulgadas AMD RYZEN R7 16GB 512GB, AMD RYZEN R7, 16GB, 14 pulgadas, No aplica, 512GB,3.299.900
HP,Portátil HP 14 Pulgadas Intel Core i3 8GB+16GB Optane 256GB, Intel Core i3, 8GB, 14 pulgadas, No aplica, 256GB,1.769.000
HP,Portátil HP Pavilion 13.3 Pulgadas Intel Core i5 8GB 256GB, Intel Core i5, 8GB, 13.3 pulgadas, No aplica, 256GB,3.129.000
HUAWEI,Portátil Huawei MateBook D14 Intel Ci5 Disco 512GB SSD 8GB RAM + Morral + Mouse, Intel® CoreTM i5-10210U, 8GB, 14 pulgadas, No aplica, 512GB,2.999.900
ASUS,Portátil Asus E410MA 14 Pulgadas Intel Celeron 4GB 128GB, Intel Celeron, 4GB, 14 pulgadas, No aplica, 128GB,1.199.900
HP,Portátil HP 15.6 Pulgadas AMD RYZEN R5 4GB 256GB, AMD RYZEN R5, 4GB, 15.6 pulgadas, No aplica, 256GB,1.769.000
LENOVO,Portátil Lenovo 14 pulgadas Intel Core i3 4GB 256GB, Intel Core i3, 4GB, 14 pulgadas, No aplica, 256GB,1.599.900
ASUS,Portátil Asus X415MA 14 Pulgadas Intel Pentium 4GB 128GB, Intel Pentium, 4GB, 14 pulgadas, No aplica, 128GB,1.249.900
HUAWEI,Portátil Huawei Matebook D15 15.6 Pulgadas Intel Core i5 16GB 512GB, Intel Core i5, 16GB, 15.6 pulgadas, No aplica, 512GB,3.699.900
HP,Portátil HP 14 Pulgadas Intel Core i3 4GB 1TB, Intel Core i3, 4GB, 14 pulgadas, 1TB, No aplica,1.599.000
HP,Portátil HP Pavilion 15.6 Pulgadas AMD RYZEN R3 8GB 256GB, AMD RYZEN R3, 8GB, 15.6 pulgadas, No aplica, 256GB,2.359.000
ASUS,Portátil Asus ZenBook Duo 14 UX482 14 Pulgadas Intel Core i7 16GB 512GB, Intel Core i7, 16GB, 14 pulgadas, No aplica, 512GB,6.919.900
HP,Portátil HP Laptop 14 Pulgadas Intel Pentium 4GB 256GB, Intel Pentium, 4GB, 14 pulgadas, No aplica, 256GB,1.399.000
LENOVO,Portátil Lenovo Notebook S145-14IIL 14 pulgadas Intel Core i5 10a Gen, Intel Core i5, 4GB, 14 pulgadas, No aplica, 256GB,1.815.000
ASUS,Portátil Asus X415EA 14 Pulgadas Intel Core i3 4GB 256GB, Intel Core i3, 4GB, 14 pulgadas, No aplica, 256GB,1.679.900
ASUS,Portátil Asus Zenbook Ux325Ja 13.3 pulgadas Intel Core i5 8GB 256GB, Intel Core i5, 8GB, 13.3 pulgadas, No aplica, 256GB,2.899.900
HP,Portátil HP 15.6 Pulgadas AMD RYZEN R3 4GB 256GB, AMD RYZEN R3, 4GB, 15.6 pulgadas, No aplica, 256GB,1.699.000
ASUS,Portátil Asus ZenBook 13 Pulgadas OLED UX325 Intel Core i5 8GB 512GB, Intel Core i5, 8GB, 13.3 pulgadas, No aplica, 512GB,3.399.900
HP,Portátil HP 14 Pulgadas Intel Core i3 4GB 256GB, Intel Core i3, 4GB, 14 pulgadas, No aplica, 256GB,1.599.000
HP,Portátil 2 en 1 HP Envy 13.3 Pulgadas AMD RYZEN R5 8GB 256GB, AMD RYZEN R5, 8GB, 13.3 pulgadas, No aplica, 256GB,3.999.000
ASUS,Portátil Gamer Asus Rog Zephyrus G14 14 Pulgadas AMD RYZEN R7 16GB 512GB, AMD RYZEN R7, 16GB, 14 pulgadas, No aplica, 512GB,5.499.900
HP,Portátil HP Laptop 15-ef1019la 15.6 pulgadas AMD RYZEN R5 8GB 512GB, AMD RYZEN R5, 8GB, 15.6 pulgadas, No aplica, 512GB,2.549.000
ACER,Portátil Acer Aspire 5 14 Pulgadas Intel Core i5 4GB 256GB, Intel Core i5, 4GB, 14 pulgadas, No aplica, 256GB,1.814.900
ASUS,Portátil Gamer Asus Tuf Dash F15 FX516PM 15.6 Pulgadas Intel Core i7 16GB 512GB, Intel Core i7, 16GB, 15.6 pulgadas, No aplica, 512GB,6.499.000
HP,Portátil HP 15.6 Pulgadas AMD RYZEN R7 8GB 512GB, AMD RYZEN R7, 8GB, 15.6 pulgadas, No aplica, 512GB,4.899.000
HUAWEI,Portátil Huawei Matebook 13s 13.4 Pulgadas Intel Core i7 16GB 512GB, Intel Core i7, 16GB, 13.4 pulgadas, No aplica, 512GB,5.999.900
HUAWEI,Portátil Huawei Matebook 14 Pulgadas AMD RYZEN R7 8GB 512GB, AMD RYZEN R7, 8GB, 14 pulgadas, No aplica, 512GB,4.199.900
HP,Portátil hp 240 g7 celeron n4020 4gb 500gb linux, Intel Celeron, 4GB, 14 pulgadas, 500GB, No aplica,899.000
HP,Portátil hp 15-da intel core i5 4gb 256gb ssd, Quad Core, 4GB, 15.6 pulgadas,NA, 256GB,1.869.900
LENOVO,Portátil 2 en 1 Lenovo Yoga Duet 7 13 Pulgadas Intel Core i5 8GB 512GB, Intel Core i5, 8GB, 13 pulgadas, No aplica, 512GB,4.749.000
ASUS,Portátil Gamer Asus Rog Flow X13 GV301QC 13.4 Pulgadas AMD Ryzen 9 16GB 512GB, AMD Ryzen 9, 16GB, 13.4 pulgadas, No aplica, 512GB,7.029.900
ACER,Portátil Gamer Acer Triton 500 15.6 Pulgadas Intel Core i7 32GB 1TB, Intel Core i7, 32GB, 15.6 pulgadas, No aplica, 1TB,8.999.000
LENOVO,Portátil Lenovo s145 intel core i3 1005g1 8gb 1tb, Intel Core i3, 8GB, 14 pulgadas, 1TB, No aplica,1.730.000
ASUS,Portátil Asus Vivobook 14 X415ja Core I5, Intel Core i5, 8GB, 14 pulgadas, No aplica, 256GB,2.599.888
HP,Portátil hp 245 g7 14 pulgada amd athlon 8gb 1tb, AMD, 8GB, 14 pulgadas, 1TB, No aplica,1.135.000
HP,Portátil HP Pavilion Gaming 15.6 Pulgadas AMD RYZEN R7 12GB 512GB, AMD RYZEN R7, 12GB, 15.6 pulgadas, No aplica, 512GB,5.399.000
ASUS,Asus ZenBook ProDuo 15 OLED UX582 15.6 Pulgadas Intel Core i9 32GB 1TB, Intel Core i9, 32GB, 15.6 pulgadas, No aplica, 1TB,13.999.900
ASUS,Portátil Gamer Asus Rog Zephyrus G14 14 Pulgadas AMD Ryzen 9 16GB 1TB, AMD Ryzen 9, 16GB, 14 pulgadas, No aplica, 1TB,8.799.900
ASUS,"Computador portátil Asus 15.6"" x543ma-dm1336 intel", Intel Celeron, 4GB, 15.6 pulgadas, No aplica, 128GB,1.186.900
LENOVO,Portatil Lenovo D330-10igl Celeron 64gbemmc Win10s, Intel Celeron, 4GB, 10.1 pulgadas, No aplica, 64GB,987.900
LENOVO,Portátil lenovo thinkbook 14iml 14 puLGadas intel, Intel Core i3, 4GB, 14 pulgadas, No aplica, 256GB,1.699.000
GATEWAY,Portátil Acer Gateway R5 8gb 256gb Ssd W10 15.6'', AMD RYZEN R5, 8GB, 15.6 pulgadas, No aplica, 256GB,1.839.900
ASUS,Portátil Gamer Asus Rog Flow X13 GV301QE 13.4 Pulgadas AMD Ryzen 9 16GB 1TB, AMD Ryzen 9, 16GB, 13.4 pulgadas, No aplica, 1TB,14.899.900
ASUS,"Portatil asus x415ja ek483 core i3 4gb, 1tb", Intel Core i3, 4GB, 14 pulgadas, 1TB, No aplica,1.560.000
ASUS,"Portátil Asus X415ja Ek483 Core I3, 8gb, 1tb, 14""", Intel Core i3, 8GB, 14 pulgadas, 1TB, No aplica,1.665.000
ASUS,Portátil Gamer Asus Rog Flow X13 GV 301 13.5 Pulgadas AMD Ryzen 9 16GB 1TB, AMD Ryzen 9, 16GB, 13.5 pulgadas, No aplica, 1TB,11.549.900
LENOVO,Portátil lenovo 82c4012vlm 14 puLGadas 4gb 256gb s, Intel Core i3, 4GB, 14 pulgadas, No aplica, 256GB,1.539.888
ACER,"Portatil Acer A515-5 Ci3 8256 15"" Intel Core 8gb", Intel core, 8GB, 15.6 pulgadas, No aplica, 1 GB,2.294.201
ASUS,"Computador portátil Asus 14"" x415ma-bv462ts intel®", Intel Celeron, 4GB, 14 pulgadas, No aplica, 128GB,1.450.900
ACER,"Portátil Acer A315-57 I5 15.6"" Ram 8gb", Intel Core i5, 8GB, 15.6 pulgadas, 256GB, No aplica,2.899.900
HP,Portátil hp 15-da2027la 15 puLGadas intel core i5, Intel Core i5, 4GB, 15 pulgadas, No aplica, 256GB,1.899.900
LENOVO,"Portatil levono v14 - ada athlon 3020e/4gb/1tb/14""", Dual Core, 4GB, 14 pulgadas, 1TB,NA,995.000
APPLE,MacBook Pro Chip M1 Pro 512GB SSD Plata MKGR3E/A 14.2 Pulgadas, Chip M1 Pro, 16GB, 14.2 pulgadas, No aplica, 512GB,10.906.900
HP,Portátil HP 16 Pulgadas AMD RYZEN R7 8GB 512GB, AMD RYZEN R7, 8GB, 16 pulgadas, No aplica, 512GB,5.999.000
HP,Portatil HP 245 g7 amd a4 ram4gb 1tb 14pulgadas., AMD A4, 4GB, 14 pulgadas, 1TB, No aplica,965.700
LENOVO,Portátil Lenovo Idea 14itl6 Core I3 11va 8gb 1tb, Intel Core i3, 8GB, 14 pulgadas, 1TB, No aplica,1.785.000
ASUS,Portátil Asus X415ma-Bv040ts Cel 4gb 128gb Ssd 14, Intel, 4GB, 14 pulgadas, 128 GB, No aplica,1.415.900
ASUS,Portátil asus core i5 8gb 25gb ssd freedos, Intel Core i5, 8GB, 13.3 pulgadas, No aplica, 256GB,2.849.900
LENOVO,Portátil Lenovo Yoga slim 7 Ci7 16G 14 Pulgadas Intel Core i7 16GB 512GB, Intel Core i7, 16GB, 14 pulgadas, No aplica, 512GB,4.899.900
ACER,Portátil Acer ConcetD 3 15.6 Pulgadas Intel Core i7 16GB 1TB, Intel Core i7, 16GB, 15.6 pulgadas, No aplica, 1TB,5.899.000
ACER,Portátil Acer ConcetD 3 15.6 Pulgadas Intel Core i5 8GB 512GB, Intel Core i5, 8GB, 15.6 pulgadas, No aplica, 512GB,4.199.000
DELL,Portatil dell inspiron 15 3505 ryzen 5," 2,1", 8GB, 15.6 pulgadas,NA, 256GB,2.419.888
DELL,"Portátil dell inspiron 3501 15.6"" core i3 4gb 1tb", Intel Core i3, 4GB, 15.6 pulgadas, 1TB, No aplica,1.539.900
HP,Portátil Hp 15-Dy2062la Intel Core I3 1125g4 4gb 2, Intel Core i3, 4GB, 15 pulgadas, No aplica, 256GB,1.692.900
LENOVO,Lenovo v14 intel ci3 4gb 256gb 1005g1., Intel Core i3, 4GB, 14 pulgadas, No aplica, 256GB,1.499.888
HP,All in one HP Pavilion 27 Pulgadas Intel Core i7 16GB 1TB 256GB, Intel Core i7, 16GB, 27 pulgadas, 1TB, 256GB,5.799.000
HP,Portátil HP 15.6 Pulgadas AMD RYZEN R3 4GB 256GB, AMD RYZEN R3, 4GB, 15.6 pulgadas, No aplica, 256GB,1.749.000
APPLE,MacBook Pro Chip M1 Pro 512GB SSD Gris espacial MKGP3E/A 14.2 Pulgadas, Chip M1 Pro, 16GB, 14.2 pulgadas, No aplica, 512GB,10.906.900
LENOVO,Portatil lenovo amd a9 ram8gb 256gbssd win10, AMD A9, 8GB, 14 pulgadas, No aplica, 256GB,1.676.100
ASUS,"Portatil asus x409ma celeron 14"" 4020u 1 tb 4 gb", Dual Core, 4GB, 14 pulgadas, 1TB,NA,1.099.000
ACER,Portatil acer nitro 5 an515-43-r0g3 r7, AMD RYZEN R7, 8GB, 15 pulgadas, No aplica, 512GB,4.581.000
HP,Portatil hp 245 g7 amd 3020e 4gb 1tb linux, AMD, 4GB, 14 pulgadas, 1TB, No aplica,1.053.390
ASUS,Portatil asus x409ma intel celeron 4gb 1tb endless, Intel Celeron, 4GB, 14 pulgadas, 1TB, No aplica,1.054.500
ASUS,Portátil Asus Zenbook Flip S13 OLED 13.3 Pulgadas Intel Core i5 16GB 512GB, Intel Core i5, 16GB, 13.3 pulgadas, No aplica, 512GB,5.299.900
LENOVO,Portátil lenovo 81ms000xlm 14 puLGadas 4gb 500gb h, AMD A6, 4GB, 14 pulgadas, 500GB, No aplica,1.279.888
ACER,Portátil Acer ConcetD 7 Ezel 15.6 Pulgadas Intel Core i7 16GB 1TB, Intel Core i7, 16GB, 15.6 pulgadas, No aplica, 1TB,9.199.000
LENOVO,Portátil Lenovo v14 amd 3020e, AMD, 4GB, 14 pulgadas, 1TB, No aplica,1.044.900
HP,Portátil hp 1x5v7lt 14 puLGadas amd ryzen r3 4gb 1, AMD RYZEN R3, 4GB, 14 pulgadas, 1TB, No aplica,1.499.000
LENOVO,Portátil lenovo v145 14ast amd a6 9225 8 gigas 14¿, AMD A6, 8GB, 14 pulgadas, 500GB, No aplica,1.460.000
LENOVO,Portátil Lenovo Ideapad 14 Pulgadas 3 Amd Athlon 4, AMD, 4GB, 14.1 pulgadas, 256GB, No aplica,1.229.900
DELL,Portatil dell vostro 14 3405 amd ryzen 5, AMD RYZEN R5, 8GB, 14 pulgadas, No aplica, 256GB,2.219.888
ACER,Portátil Acer Porsche Design 14 Pulgadas Intel Core i5 8GB 512GB, Intel Core i5, 8GB, 14 pulgadas, No aplica, 512GB,3.449.000
ASUS,"Portátil asus zenbook um425ia 14"" amd ryzen 5", AMD RYZEN R5, 8GB, 14 pulgadas, No aplica, 512GB,4.699.900
DELL,"Portátil Dell 3501 15.6"" Intel Core I3 4gb 1tb Hdd", Intel Core i3, 4GB, 15.6 pulgadas, 1TB, No aplica,1.699.888
DELL,"Portatil Dell 3405 Amd Ryzen5 8gb 256ssd, 15,6,W10", AMD RYZEN R5, 8GB, 15.6 pulgadas, No aplica, 256GB,2.418.000
TOSHIBA,Portátil toshiba tecra a40-g celeron 4gb 128gb, Intel Celeron, 4GB, 14 pulgadas, No aplica, 128GB,1.067.000
APPLE,MacBook Pro Chip M1 Pro 512GB SSD Gris espacial MK183E/A 16.2 Pulgadas, Chip M1 Pro, 16GB, 16.2 pulgadas, No aplica, 512GB,13.528.900
DELL,"Portátil Dell latitud 3420 intel ci5-1135, 8gb ram", Intel Core i5, 8GB, 14 pulgadas, No aplica, 256GB,3.799.000
HP,Portátil Hp Cf2089la 14 Pulgadas Intel Celeron 4gb, Intel Celeron, 4GB, 14 pulgadas, No aplica, 256GB,1.159.900
LENOVO,Portátil Lenovo 82c401jhus 14 Pulgadas Intel Core, Intel Core i5, 8GB, 14 pulgadas, No aplica, 256GB,3.331.900
LENOVO,Portátil lenovo c i3 8gb 1tb 256ssd w10p educ., Intel Core i3, 8GB, 14 pulgadas, 1TB, 256GB,2.499.900
HP,Portátil HP Laptop 14-cf3026la 14 pulgadas Intel Core i5 8GB 256GB, Intel Core i5, 8GB, 14 pulgadas, No aplica, 256GB,2.849.000
LENOVO,Portátil Lenovo 14 Pulgadas Amd 4gb 256gb Hdd, AMD, 4GB, 14 pulgadas, 256GB, No aplica,1.398.900
ASUS,"Portatil asus expertbook b2451fa 14"" core i5 8gb", Intel Core i5, 8GB, 14 pulgadas, 1TB, No aplica,3.949.900
LENOVO,Portátil Lenovo IdeaPad 3 Ryzen 3 4Gb 128Gb, AMD RYZEN R3, 4GB, 15.6 pulgadas, 128 GB, No aplica,2.699.900
ASUS,Portatil asus m415da ryzen 5 4gb 256gb win10home, AMD RYZEN R5, 4GB, 14 pulgadas, No aplica, 256GB,2.399.900
ASUS,"Portátil Asus M415d Ryzen 3, 4gb, 256ssd , 14""", AMD RYZEN R3, 4GB, 14 pulgadas, No aplica, 256GB,1.645.500
LUMI,Portatil coin lumi 142g celeron 500gb 4gb win10, Intel Celeron, 4GB, 14 pulgadas, 500GB, No aplica,943.500
ASUS,"Portatil asus m415da ryzen 5 14"" 1 tb 4 gb endles", AMD RYZEN R5, 4GB, 14 pulgadas, 1TB, No aplica,1.949.000
HP,Portátil Hp 15-Gw0017la 15 Pulgadas Amd Ryzen R3 4, AMD RYZEN R3, 4GB, 15 pulgadas, No aplica, 256GB,1.659.900
LENOVO,Portátil lenovo ideapad 3 amd athlon 4gb 256gb, AMD, 4GB, 14 pulgadas, No aplica, 256GB,1.198.900
ASUS,Portatil asus x415ma-ek129t, Intel Celeron, 4GB, 14 pulgadas, 1TB, No aplica,1.275.000
DELL,Portátil Dell 15-3501 intel core i3 4gb 1tb linux, Intel, 4GB, 15.6 pulgadas, 1TB, No aplica,1.679.900
TOSHIBA,Portátil Toshiba tecra a40-g 14 pulgadas intel cel, Intel Celeron, 4GB, 14 pulgadas, No aplica, 128GB,1.289.888
LENOVO,Portátil ideapad Lenovo s145-14api amd r3, 2.6GHz 2C MB, 4GB, 14 pulgadas,NA, 512GB,2.007.900
HP,Portatil hp 245 g7 amd 3020e 8gb 1tb linux, AMD, 8GB, 14 pulgadas, 1TB, No aplica,1.209.900
ASUS,"Portatil asus x543ma 15,6 fhd celeron", Intel Celeron, 4GB, 15.6 pulgadas, No aplica, 128GB,1.059.888
APPLE,MacBook Pro Chip M1 Pro 1TB SSD Plata MK1F3E/A 16.2 Pulgadas, Chip M1 Pro, 16GB, 16.2 pulgadas, No aplica, 1TB,14.577.900
HP,Portátil hp 240 g7 core i3-1005g1 4gb 1tb linux, Intel Core i3, 4GB, 14 pulgadas, 1TB, No aplica,1.499.900
ASUS,Portatil asus x415ma-bv041t, Dual Core, 4GB, 14 pulgadas, 1TB,NA,1.289.000
HP,Portátil hp pavilion x360 14-dy0001la 4gb 128ssd, Dual Core, 4GB, 14 pulgadas,NA, 128GB,1.799.000
GENERICO,Portátil gateway intel core i5 256gb ssd 16gb win, Intel Core i5, 16GB, 14 pulgadas, No aplica, 256GB,3.299.900
LENOVO,Portatil lenovo3 amd 3050u ram8gb 256gbssd win10, AMD, 8GB, 14 pulgadas, No aplica, 256GB,1.665.000
HP,Portatil Hp 245 G8 Amd Ryzen3 8gb 256gb Ssd 14pulg, AMD RYZEN R3, 8GB, 14 pulgadas, No aplica, 256GB,1.620.600
MSI,"Portatil gaming msi thin 10scsr, 8gb, 512ssd", Intel Core i7, 16GB, 17.3 pulgadas, No aplica, 512GB,6.105.000
HP,Portátil hp 3020 14 pulgadas amd 8gb 1tb, AMD, 8GB, 14 pulgadas, 1TB, No aplica,1.599.900
HP,Portátil hp 14-dk1018la 14 puLGadas 4gb 1tb hdd, AMD, 4GB, 14 pulgadas, 1TB, No aplica,1.045.500
HP,Portátil hp 14-ck2101la 14 puLGadas intel celeron, Intel Celeron, 4GB, 14 pulgadas, 1TB, No aplica,1.219.900
ACER,Portatil Acer A514-53 I34256, Intel Core i3, 4GB, 14 pulgadas, 256GB, No aplica,2.254.931
ASUS,"Portatil asus x415ja core i3 14"" 1tb 4gb endless", Intel Core i3, 4GB, 14 pulgadas, 1TB, No aplica,1.542.900
HP,Portátil hp 14-dk amd athlon silver 4gb 256gb ssd, AMD, 4GB, 14 pulgadas, No aplica, 256GB,1.089.900
LENOVO,Portátil Lenovo thinkpad e495 ryzen 3, AMD RYZEN R3, 4GB, 14 pulgadas, 1TB, No aplica,1.610.900
APPLE,MacBook Pro Chip M1 Pro 1TB SSD Gris espacial MKGQ3E/A 14.2 Pulgadas, Chip M1 Pro, 16GB, 14.2 pulgadas, No aplica, 1TB,13.528.900
HP,"Portátil hp amd 3020 8gb 1tb + ssd 240gb 14"" linux", AMD, 8GB, 14 pulgadas, 1TB, 120GB,1.689.000
HP,"Portátil hp 14-dk amd athlon silver 4gb 1tb 14""", AMD, 4GB, 14 pulgadas, 1TB, No aplica,1.028.900
TOSHIBA,Portátil dynabook celeron 4gb 128gb w10 fhd 13.3'', Intel Celeron, 4GB, 13.3 pulgadas, No aplica, 128GB,1.079.900
HP,"Portátil hp 240 g7 14"" intel core i3 8gb 1tb linux", Intel Core i3, 8GB, 14 pulgadas, 1TB, No aplica,1.679.900
DELL,Portatil Dell 3501 15.6 intel core i3-1005g1 4gb 1, Intel Core i3, 4GB, 15.6 pulgadas, 1TB, No aplica,1.719.888
HP,Portátil Hp 245 G8 Amd Ryzen 3 8gb 256gb Ssd Linux, AMD RYZEN R3, 8GB, 14 pulgadas, No aplica, 256GB,1.639.900
LENOVO,Portátil lenovo s145 intel core i3 1005g 4gb 1tb, Intel Core i3, 4GB, 14 pulgadas, 1TB, No aplica,1.599.900
DELL,Portátil dell 15.6 pulgadas intel core i3 4gb 1tb, Dual Core, 4GB, 15.6 pulgadas, 1TB,NA,1.539.000
TOSHIBA,"Portátil toshiba 14"" intel celeron 4gb 128gb", No aplica, 4GB, 14 pulgadas,NA, 128GB,1.099.900
HP,Portatil hp 245 g7 3250u ryzen 3 4gb 1tb, AMD RYZEN R3, 4GB, 14 pulgadas, 1TB, No aplica,1.459.900
LENOVO,"Portatil Lenovo thinkpad e14 intel ci5 -1135, 8gb", Quad Core, 8GB, 14 pulgadas,NA, 256GB,4.239.900
APPLE,MacBook Pro Chip M1 Pro 512GB SSD Plata MK1E3E/A 16.2 Pulgadas, Chip M1 Pro, 16GB, 16.2 pulgadas, No aplica, 512GB,13.528.900
GENERICO,Portátil gateway intel core i5 256gb ssd 16gb win, Intel Core i5, 16GB, 15 pulgadas, No aplica, 256GB,3.299.900
LENOVO,Portatil lenovo s145 amd a9 ram8gb 1tb radeon 530, AMD A9, 8GB, 14 pulgadas, 1TB, No aplica,1.709.400
ASUS,"Portátil Asus expertbook intel ci3-10110u, 8gb ram", Intel Core i3, 4GB, 14 pulgadas, 1TB, No aplica,1.815.900
DELL,"Portátil Dell Inspiron 3501 Core I3 4gb 1tb 15.6""", Intel Core i3, 4GB, 15.6 pulgadas, 1TB, No aplica,1.530.000
LENOVO,Portatil lenovo 3 14are05 amd ryzen3 4gb 256gbssd, AMD RYZEN R3, 4GB, 14 pulgadas, 1TB, No aplica,1.653.900
HP,"Portatil hp 245 g7 ryzen3 4gb dd1tb 14"" freedos", AMD RYZEN R3, 4GB, 14 pulgadas, 1TB, No aplica,1.431.900
MSI,"Portátil msi 15 a10ras, intel ci7, 8gb, 512 ssd", Intel Core i7, 8GB, 15.6 pulgadas, No aplica, 512GB,5.228.000
ASUS,Portatil Asus M415da Amd Ryzen3 256gb Ssd Endless, AMD RYZEN R3, 4GB, 14 pulgadas, No aplica, 256GB,1.709.400
HP,Portátil hp 14 pulgadas intel celeron 4gb 1tb, Intel Celeron, 4GB, 14 pulgadas, 1TB, No aplica,1.069.900
HP,Portátil HP Pavilion 14 Pulgadas Intel Core i5 8GB 512GB, Intel Core i5, 8GB, 14 pulgadas, No aplica, 512GB,3.249.000
LENOVO,Portátil lenovo intel core i3 4gb 1tb + mouse, Intel Core i3, 4GB, 14 pulgadas, 1TB, No aplica,1.619.900
HP,Portátil hp 15-dy intel core i3 4gb 256gb ssd w10, Intel Core i3, 4GB, 15 pulgadas, No aplica, 256GB,1.639.900
LENOVO,Portátil Lenovo 82gks00f00 14 Pulgadas Intel Core, Intel Core i5, 8GB, 14 pulgadas, No aplica, 256GB,10.000.000
ASUS,"Portatil asus celeron x409m 4gb, 1tb, linux", Intel Celeron, 4GB, 14 pulgadas, 1TB, No aplica,1.120.000
DELL,Portátil dell gaming g5 15 5505 ryzen 5., 3, 8GB, 15.6 pulgadas,NA, 512GB,4.999.900
LENOVO,Portátil Lenovo IdeaPad S145 14 pulgadas Intel Core i3 4GB 1TB, Intel Core i3, 4GB, 14 pulgadas, 1TB, No aplica,1.499.000
HP,Portátil HP 15-gw0017la amd ryzen 3 4gb 256gb ssd, AMD RYZEN R3, 4GB, 15.6 pulgadas, No aplica, 256GB,1.639.900
HP,Portátil Hp 15-Dw2032l Core I5 4gb 1tb Windows 10, Intel Core i5, 4GB, 15.6 pulgadas, 1TB, No aplica,2.349.900
GENERICO,Portátil gateway amd ryzen 5 256gb ssd 8gb windows, AMD RYZEN R5, 8GB, 15 pulgadas, No aplica, 256GB,2.999.900
APPLE,MacBook Pro Chip M1 Pro 1TB SSD Plata MKGT3E/A 14.2 Pulgadas, Chip M1 Pro, 16GB, 14.2 pulgadas, No aplica, 1TB,13.528.900
DELL,Portatil Dell vostro ryzen 5-3450 4gb ram ssd 256g, AMD RYZEN R5, 4GB, 14 pulgadas, No aplica, 256GB,2.299.000
HP,Portatil hp 14-ck2101la, Intel Celeron, 4GB, 14 pulgadas, 1TB, No aplica,1.286.000
ASUS,Portatil Asus X415ea Corei3-1115g4 256ssd 4gb, Intel Core i3, 4GB, 14 pulgadas, No aplica, 256GB,1.699.000
LENOVO,Portátil Lenovo Ideapad S145 14 Pulgadas Intel Cor, Intel Core i3, 4GB, 14.1 pulgadas, 1TB, No aplica,1.595.900
LENOVO,Portatil lenovo 3 15iil05 core i3 4gb 1tb win10., Intel Core i3, 4GB, 15.6 pulgadas, 1TB, No aplica,1.776.000
LENOVO,Portátil lenovo tb 14 core i3 8gb 1tb win10pro edu, Intel Core i3, 8GB, 14 pulgadas, 1TB, No aplica,2.999.900
HP,Portatil hp 240 g7 celeron n4020 4gb 1tb linux, Intel Celeron, 4GB, 14 pulgadas, 1TB, No aplica,1.132.200
ASUS,Portátil Asus R3 4gb Ram 256gb Ssd Sistema Endless, AMD RYZEN R3, 4GB, 14 pulgadas, No aplica, 256GB,1.705.990
LENOVO,Lenovo portátil s145 core i3 4gb 1tb free dos, Intel Core i3, 4GB, 14 pulgadas, 1TB, No aplica,1.909.900
JANUS,"Computador janus core i7-9700 linux ram 8gb 22""", Intel Core i7, 8GB, 22 pulgadas, No aplica, 256GB,2.997.000
LENOVO,Portátil lenovo s145 intel core i3 1005g 4gb 1tb, Intel Core i3, 4GB, 14 pulgadas, 1TB, No aplica,1.560.000
LENOVO,Portátil Lenovo Idea 14itl6 Core I3 11va 4gb 1tb, Intel Core i3, 4GB, 14 pulgadas, 1TB, No aplica,1.680.000
ASUS,"Portatil asus x415ma-bv041t/cel/4gb/1tb/win 10/14""", Dual Core, 4GB, 14 pulgadas, 1TB,NA,1.269.900
HP,Portátil hp 245 g7 amd 3020e 8gb 1tb linux, AMD, 8GB, 14 pulgadas, 1TB, No aplica,1.399.900
ACER,Portatil acer a514-53 core i3 4gb 256gbssd win10, Intel Core i3, 4GB, 14 pulgadas, No aplica, 256GB,1.720.500
HP,"Portátil hp 245 ryzen 3, 1tb dd, ram 8gb, win 10h", AMD RYZEN R3, 4GB, 14 pulgadas, 1TB, No aplica,1.640.000
LENOVO,Portatil Lenovo V14 Ada Amd 3150u 14 Pulg 4gb 1tb, AMD, 4GB, 14 pulgadas, 1TB, No aplica,1.119.900
LENOVO,Portatil Lenovo 14´ Core I3 4gb Ram 1 Tb Freedos, Intel Core i3, 4GB, 14 pulgadas, 1TB, No aplica,1.579.900
DELL,Portátil dell 3493 i3 1005g1 ram 4g ssd 128gb14'', Intel Core i3, 4GB, 14 pulgadas, No aplica, 128GB,1.759.900
GENERICO,Portátil gateway intel core i5 256gb ssd 16gb win, Intel Core i5, 16GB, 14 pulgadas, No aplica, 256GB,3.299.900
LENOVO,Portatil lenovo 3 14igl05 celeron 4gb 1tb freedos, Intel Celeron, 4GB, 14 pulgadas, 1TB, No aplica,1.198.800
HP,Portátil HP pavilion x360 pentium 4gb ram 128ssd, Dual Core, 4GB, 14 pulgadas,NA, 128GB,1.889.000
DELL,"Portátil dell inspiron 3493 i3 1005g1 4gb 1tb 14""", Dual Core, 4GB, 14 pulgadas, 1TB,NA,2.099.900
ASUS,Portatil asus x415ea core i3 256gb ssd 4gb endless, Intel Core i3, 4GB, 14 pulgadas, No aplica, 256GB,1.720.500
GENERICO,Portátil gateway intel core i5 256gb ssd 16gb win, Intel Core i5, 16GB, 15 pulgadas, No aplica, 256GB,3.299.900
HP,Portátil hp 14 pulgadas intel celeron 4gb 1tb, Intel Celeron, 4GB, 14 pulgadas, 1TB, No aplica,1.087.800
TOSHIBA,Portatil toshiba tecra dynabook, Single Core, 4GB, 14 pulgadas, No aplica,NA,1.410.000
HP,"Portátil hp ryzen 5, 4gb, 1tb, w10pro + kaspersky", AMD RYZEN R5, 4GB, 14 pulgadas, 1TB, No aplica,2.550.000
HP,Portátil hp 245 g7 athlon 3020e 8gb 500gb win10h, AMD, 8GB, 14 pulgadas, 500GB, No aplica,1.814.900
LENOVO,Lenovo IP S145 Portátil A9 8GB 1TB 14,NA,NA,NA,NA,NA,2.300.000
LENOVO,Portatil Lenovo Thinkbook 14 Pulg 4gb 1tb W10 Pro, Intel Core i3, 4GB, 14 pulgadas, 1TB, No aplica,2.473.900
HP,"Portátil hp 15-da2023, core i 3, 4gb, 1tb , 15,6""", Intel Core i3, 4GB, 15.6 pulgadas, 1TB, No aplica,1.735.000
LENOVO,Portátil Lenovo V130-14igm Intel Celeron 4gb/1tb 1, Intel, 4GB, 14 pulgadas, 1TB, No aplica,1.801.900
DELL,Portatil dell latitude 3420 core i3 4gb 1tb linux, Intel Core i3, 4GB, 14 pulgadas, 1TB, No aplica,1.653.900
ACER,Portatil acer a514-53 i3/4/256, Intel Core i3, 4GB, 14 pulgadas, 256GB, No aplica,1.849.900
HP,Portátil hp 14 pulgadas amd ryzen r3 4gb ram, AMD RYZEN R3, 4GB, 14 pulgadas, 1TB, No aplica,1.610.000
HP,Portátil HP 13.3 Pulgadas Intel Core i5 8GB 256GB, Intel Core i5, 8GB, 13.3 pulgadas, No aplica, 256GB,3.599.000
JANUS,Computador janus core i5-9400 linux ram 8gb 22., Intel Core i5, 8GB, 22 pulgadas, No aplica, 256GB,2.531.000
ASUS,"Portatil Asus M415da-Bv797 14"" Ryzen 3", AMD RYZEN R3, 4GB, 14 pulgadas, No aplica, 256GB,1.744.888
HP,"Portátil hp 14-ck2101la cel n4020/4gb/1tb/14""", Dual Core, 4GB, 14 pulgadas, 1TB,NA,1.069.900
HP,Portátil hp 14pulgadas intel core i5 4gb 1tb, Quad Core, 4GB, 14 pulgadas, 1TB,NA,2.808.900
ASUS,Portátil asus x415ja-ek483t intel® core¿ i3-1005g1, Intel Core i3, 4GB, 14 pulgadas, 1TB, No aplica,2.594.900
TOSHIBA,Portátil toshiba tecra a40-g celeron 4gb 128gb ssd, No aplica, 4GB, 14 pulgadas,NA, 128GB,1.249.888
HP,"Todo en uno hp 205 amd athlon 3050u 4gb 1tb 21.5""", AMD, 4GB, 21.5 pulgadas, 1TB, No aplica,1.699.000
LENOVO,Portátil lenovo v145-14ast 14 pulgadas amd a6 4gb, AMD A6, 4GB, 14 pulgadas, 500GB, No aplica,1.259.888
HP,Portátil hp 14 pulgadas intel celeron 4gb 1tb, Intel Celeron, 4GB, 14 pulgadas, 1TB, No aplica,1.249.900
HP,Portátil hp 14-cf3039la core i3 4gb 1tb freedos, Intel Core i3, 4GB, 14 pulgadas, 1TB, No aplica,1.520.700
HP,Portátil Hp 15-Dy2064la Intel Core I3 8gb 512gb, Intel Core i3, 8GB, 15 pulgadas, No aplica, 512GB,1.925.900
LENOVO,Portátil Lenovo NO 14.1 pulgadas Intel Core i3 4GB RAM, Intel Core i3, 4GB, 14.1 pulgadas, 1TB, No aplica,3.631.900
LENOVO,Portátil lenovo v145 -14 pulgadas amd a4 4gb - 1tb, AMD A4, 4GB, 14 pulgadas, 1TB, No aplica,1.199.900
HP,Portátil coin lumi 142g + multifuncional hp 2375., Intel Celeron, 4GB, 14 pulgadas, No aplica, No aplica,2.789.900
HP,Portátil Hp 14-Cf2081la Pentium Gold 6405u Ram/8gb, Intel Pentium, 8GB, 14 pulgadas, No aplica, 256GB,2.201.900
LENOVO,PC Portatil Lenovo S145-14IIL Core i5-1035G4 4GB D, Intel Core i5, 4GB, 14 pulgadas, 1TB, No aplica,6.617.135
HP,Portatil hp 14-cf1045 /4g/256g, Intel, 4GB, 14 pulgadas, 256GB, 256GB,1.697.900
LENOVO,Portátil lenovo s145-14iwl core i3 10ma 4gb 1t 14, Intel Core i3, 4GB, 14 pulgadas, 1TB, No aplica,1.799.990
HP,Portátil hp 240 g7 core i3 4gb 1tb linux, Intel Core i3, 4GB, 14 pulgadas, 1TB, No aplica,1.499.900
ACER,"Portátil acer 15.6"" a315-57g-53pw intel core i5", Intel Core i5, 8GB, 15.6 pulgadas, No aplica, 256GB,3.001.400
GENERICO,Portátil gateway intel core i5 256gb ssd 16gb win, Intel Core i5, 16GB, 15 pulgadas, No aplica, 256GB,3.299.900
ASUS,"Portatil Asus Expertbook B2451fa 14"" Core I5", Intel Core i5, 8GB, 14 pulgadas, No aplica, 512GB,4.299.888
LENOVO,Portatil lenovo v145-14ast amd a6 4gb 500gb win10, AMD A6, 4GB, 14 pulgadas, 500GB, No aplica,1.276.500
LENOVO,Portatil Lenovo V145 14ast 14 Pulg 4gb 500gb Linux, AMD A4, 4GB, 14 pulgadas, 500GB, No aplica,1.120.900
HP,Portátil hp 14 core i5 10210u 4gb 1tb win10home, Intel Core i5, 4GB, 14 pulgadas, 1TB, No aplica,2.899.900
HP,Portatil hp 240 g7 core i3 1005g1 4gb 1tb linux, Intel Core i3, 4GB, 14 pulgadas, 1TB, No aplica,1.520.700
HP,Portatil hp notebook 245 g7 ryzen 3+ kaspersky, AMD RYZEN R3, 8GB, 14 pulgadas, 500GB, No aplica,3.333.333
HP,Portátil hp 240 g7 intel core i5 8265u 4gb 1tb w10, Intel Core i5, 4GB, 14 pulgadas, 1TB, No aplica,3.200.000
GENERICO,Portátil gateway intel core i5 256gb ssd 16gb win, Intel Core i5, 16GB, 14 pulgadas, No aplica, 256GB,3.299.900
ACER,Portatil acer a314-22 ryzen 3 4gb 1tb linux, AMD RYZEN R3, 4GB, 14 pulgadas, 1TB, No aplica,1.687.200
TOSHIBA,"Portátil toshiba 14"" intel celeron 4gb 128 gb", No aplica, 4GB, 14 pulgadas,NA, 128GB,1.519.900
TOSHIBA,Portátil toshiba celeron 4gb 128gb ssd win10pro, Intel Celeron, 4GB, 14 pulgadas, No aplica, 128GB,2.000.000
DELL,"Portatil Dell 15 3501 core i3 ram4gb 1tb 15,6pulg", Intel Core i3, 4GB, 15.6 pulgadas, 1TB, No aplica,1.609.500
ASUS,"Portátil Asus Tuf 15,6"" Fx516pm Core I7", Intel Core i7, 16GB, 15.6 pulgadas, No aplica, 512GB,6.849.888
DELL,"Portátil dell inspiron 15 3501 core i3 4gb 1tb 15""", Intel Core i3, 4GB, 15.6 pulgadas, 1TB, No aplica,2.180.000
HP,Portatil hp 15da2016 ci3/r4/1t, Intel, 4GB, 15 pulgadas, 1TB, No aplica,1.794.900
HP,"Hp 14-ck2101la portatil cel n4020/4gb/1tb/14""", Dual Core, 4GB, 14 pulgadas, 1TB,NA,1.069.900
GENERICO,Portátil gateway amd ryzen 5 256gb ssd 8gb windows, AMD RYZEN R5, 8GB, 15 pulgadas, No aplica, 256GB,2.999.900
HP,Portátil hp 14 pulgadas intel core i5 4gb 1tb, Quad Core, 4GB, 14 pulgadas, 1TB,NA,3.037.900
LENOVO,Portatil lenovo v145 14 pulgadas amd a6 4gb 500gb, AMD A6, 4GB, 14 pulgadas, 500GB, No aplica,1.269.900
ASUS,Portatil asus expertbook b1440fa-bv3124 14 ci3 4gb, No aplica, 4GB, 14 pulgadas, 1TB,NA,2.099.900
HP,Portatil hp 245 g7 14 pulgadas amd 4gb 1tb, AMD, 4GB, 14 pulgadas, 1TB, No aplica,1.243.200
HP,Portatil hp celeron 4gb ram 1tb linux 14 pulgadas, Dual Core, 4GB, 14 pulgadas, 1TB,NA,2.525.696
HP,Portatil hp 15-da2023la core i3 4gb 1tb freedos, Intel Core i3, 4GB, 15.6 pulgadas, 1TB, No aplica,1.742.700
LENOVO,Portátil lenovo s340 intel core i3 4gb 256gb ssd, Dual Core, 4GB, 14 pulgadas,NA, 256GB,2.000.000
HP,Portátil hp 14-cf2089la intel celeron 4gb 256 ssd, Intel Celeron, 4GB, 14 pulgadas, No aplica, 256GB,1.199.900
HP,Portátil Hp 245 G8 Amd Ryzen 3 8gb 256gb Ssd Linux, AMD RYZEN R3, 8GB, 14 pulgadas, No aplica, 256GB,1.999.000
ACER,Portátil acer a514 intel core i3 1005g1 ssd 256gb, Intel Core i3, No aplica, 14 pulgadas, 4GB, 256GB,2.299.900
HP,Portátil hp stream azul 64gb/4gb intel, Intel Celeron, 4GB, 14 pulgadas, No aplica, No aplica,1.180.000
HP,"Portatil hp 240 g7/ corei3-1005g1/4gb/ dd1tb/14""", Intel Core i3, 4GB, 14 pulgadas, 1TB, No aplica,1.609.000
HP,Portatil hp 15-db1044la, AMD RYZEN R3, 4GB, 15.6 pulgadas, 1TB, No aplica,1.840.000
HP,Portatil hp 245 g7 ryzen 5, AMD RYZEN R5, 4GB, 14 pulgadas, 1TB, No aplica,2.442.000
HP,"Portatil hp 255 g7 amd 3020e 4gb 500dd linux 15,6""", AMD, 4GB, 15.6 pulgadas, 500GB, No aplica,1.393.000
LENOVO,Portátil lenovo 3 14iil05 core i3 4gb 1tb freedos, Intel Core i3, 4GB, 14 pulgadas, 1TB, No aplica,1.609.500
LENOVO,Portátil lenovo ips/1340-14iil core i3 4gb ram 256, Intel Core i3, 4GB, 14 pulgadas, 256GB, No aplica,2.526.900
ACER,"Portátil Acer A514-53-34fr Hd Ci3 14 "" 4gb/256ssd", Intel Core i3, 4GB, 14 pulgadas, No aplica, 256GB,2.628.900
LENOVO,Portatil lenovo v145/14ast/amd a6/ 4ram/500 gb hdd, Dual Core, 4GB, 14 pulgadas, 500GB,NA,1.285.000
LOGITECH,Portatil v145-14ast amda6 /4g / hdd500gb /14/ w10h, AMD, 4GB, 14 pulgadas, 50GB, No aplica,1.285.000
HP,Portátil hp 245 g7 amd 3020e 4gb 500gb win10home, AMD, 4GB, 14 pulgadas, 500GB, No aplica,1.499.900
HP,"Hp 255 g7 ath 3020e 4gb/500g win 10 home, 15.6""", Intel Atom, 4GB, 15.6 pulgadas, 500GB, No aplica,1.629.900
HP,"Portátil Hp 245 G8 14"" Amd Ryzen 5 8gb 256ssd", AMD RYZEN R5, 8GB, 14 pulgadas, No aplica, 256GB,2.899.900
HP,Portátil Hp 15-Dw1056la Intel Core I3 8gb 256gb, Intel Core i3, 8GB, 15 pulgadas, No aplica, 256GB,1.799.900
HP,Portátil 450 G7 Intel Ci7 -10510u 8gb 512 Ssd, Intel Core i7, 8GB, 15.6 pulgadas, No aplica, 512GB,5.199.900
HP,"Portatil hp ck2101la celeron 14"" 4gb 1tb freedos", Intel Celeron, 4GB, 14 pulgadas, 1TB, No aplica,1.387.000
HP,Portátil hp 14-cf2089la intel celeron 4gb 256 ssd, Intel Celeron, 4GB, 14 pulgadas, No aplica, 256GB,1.599.000
LENOVO,Portátil lenovo 14 pulgadas amd ryzen r3 4gb 1tb, AMD RYZEN R3, 4GB, 14 pulgadas, 1TB, No aplica,1.875.000
HP,Portátil hp 245 g7 amd e-series e2 4gb 1tb ubuntu, AMD E2, 4GB, 14 pulgadas, 1TB, No aplica,1.599.900
HP,"Portatil hp 255 g7 amd athlon 3020 4gb 500gb 15""", AMD, 4GB, 14 pulgadas, 500GB, No aplica,1.379.900
HP,Portátil Hp 14-Dk1020la Amd Athlon 3050u 4gb 256gb, AMD, 4GB, 14 pulgadas, No aplica, 256GB,1.359.000
ASUS,Portátil Asus X415ja-Ek483t 4gb/Ddh-1tb Core I3, Intel Core i3, 4GB, 14 pulgadas, 1TB, No aplica,3.067.900
ASUS,"Portátil Asus X543ma, Celeron, 4gb, 128ssd, W10pro", Intel Celeron, 4GB, 15.6 pulgadas, No aplica, 128GB,1.120.000
ACER,Portatil acer aspire a514-53-570s ci5 1035g1 4g, Intel Core i5, 4GB, 14 pulgadas, No aplica, 256GB,2.360.000
HP,Portátil hp 14-cf intel core i3 4gb 1tb windows 10, Intel Core i3, 4GB, 14 pulgadas, 1TB, No aplica,1.799.900
DELL,Portatil dell insp 15 3505 ryzen 5 3450u 8gb 256, AMD RYZEN R5, 8GB, 15.6 pulgadas, No aplica, 256GB,2.486.000
LENOVO,Portátil Lenovo Ip 3 14itl6 4gb/Ssd256gb Intel, Intel Core i3, 4GB, 14 pulgadas, No aplica, 256GB,3.240.900
HP,Portátil Hp 14-Cf2062la Intel Core I3 4gb 256gb, Intel Core i3, 4GB, 14 pulgadas, No aplica, 256GB,1.799.900
ACER,Portátil Acer Spin Sp314-54n-344f 4gb/256ssd/ Fhd, Intel Core i3, 4GB, 14 pulgadas, No aplica, 256GB,3.031.900
ASUS,Portátil Asus M415da-Bv797t 4gb/256ssd Amd Ryzen, AMD RYZEN R3, 4GB, 14 pulgadas, No aplica, 256GB,2.376.900
TOSHIBA,Portátil tecra a40-g celeron 5205u 4gb 128gb w10pr, Intel Celeron, 4GB, 14 pulgadas, No aplica, 128GB,1.699.900
ACER,Portátil acer a514-53-34fr core i3 4gb/256ssd/w10, Intel Core i3, 4GB, 14 pulgadas, 256GB, No aplica,2.239.900
HP,Hp Portatil 430 G7 Intel Ci7 8gb 256gb, Intel Core i7, 8GB, 13.3 pulgadas, No aplica, 256GB,5.299.900
APPLE,MacBook Pro 13.3 pulgadas Touch Bar Intel Core i5 256 GB Gris espacial, 2.4 GHz, 8GB, 13.3 pulgadas,NA,NA,7.949.000
LENOVO,Portátil lenovo thinkbook 14-iml ci3 10110u 4g 256, Intel Core i3, 4GB, 14 pulgadas, No aplica, 256GB,1.952.000
HP,Portátil Hp 15-Dw1057la Intel Core I3 4gb 1tb W10, Intel Core i3, 4GB, 14 pulgadas, 1TB, No aplica,1.799.900
